{"mean_pos": [0.012002400062285272, -0.048444115950043935, 0.010635860024241163, -0.04283341299133728, -0.03633002686750702, -0.008531705419102606, -0.013971965036239846, -0.005422243338055711, -0.00923160966414468, 0.005383447023358517], "mean_vel": [-20.820951200927297, -14.169531764495954, -7.027631412562573, -9.127223517078802, -6.452901885840796, -4.815840936763406, -2.852460644382517, -4.309278396799458, -3.6957541777991176, -3.0333799127222805], "std_pos": [0.6368629303856779, 0.3407030224440233, 0.19434996866654802, 0.28257183827925525, 0.18396985770564117, 0.12622562279355123, 0.07792227599796359, 0.13464727977295773, 0.11265124297157728, 0.09346999941667451], "std_vel": [3.073064634217858, 1.8538408723878712, 0.7731909190556215, 1.3956506498952086, 0.40935814948770993, 0.2194084300940383, 0.4128561086877148, 0.680391854086546, 1.5416489526969868, 0.3928123819550286]}