{"mean_pos": [0.05729508118055863, -0.048610255012815365, 0.08123511422326583, -0.03861914889365428, 0.041578983652586145, 0.0033202206415822075, 0.014346074734113156, -0.008036353040635411, -0.04573008502370142, -0.009206843981660754], "mean_vel": [-23.304931108738103, -16.99373060704695, -18.203072202533736, -7.063615774205524, -6.303514842405223, -6.599584585247916, -10.882943024485218, -9.439792405495352, -10.16240210748628, -8.36593532080958], "std_pos": [0.7609076338214644, 0.5010865111687581, 0.6388559356363407, 0.20551445222797485, 0.169208494971263, 0.20659255414585664, 0.28085245517061974, 0.29607335892210396, 0.2907856547721701, 0.22462191229598252], "std_vel": [0.9088888110687814, 0.5417191344856934, 9.057936595095684, 1.549483253250172, 1.0892008859147142, 0.7975357511960312, 1.3563302881816737, 1.811253993175709, 1.2339682367275475, 0.8300989401968981]}