{"mean_pos": [0.01057406404268452, 0.052269664408991647, -0.0016549154169891445, -0.041374567073753046, -0.009514718649965115, 0.01580375773869615, 0.014286624523038954, 0.02172480099069391, -0.01770375529755673, -0.004321900494614883], "mean_vel": [-23.966434465900527, -17.419646258189754, -12.477213566170517, -6.621526868941033, -6.878249687070643, -6.7902901239091165, -7.0538691205671755, -6.270202186277422, -8.139424577318339, -4.1800031080102995], "std_pos": [0.7274876633875708, 0.5071457312529957, 0.3989170521443866, 0.17802938606147717, 0.1961132536388091, 0.21731862655290107, 0.22007533654619746, 0.19302716665357408, 0.24119714159479497, 0.12083334882748857], "std_vel": [0.9844458049600363, 0.4341777682778602, 0.937684904439489, 1.6788205548819715, 1.2857068589685636, 0.8131183465854246, 0.7394149690783558, 0.6732713334759767, 2.4921122338290895, 1.001718429790323]}