{"mean_pos": [-0.08177125335251716, 0.02113075366080379, 0.028131482996028353, 0.017805914055818512, 0.006676717417928727, -0.015624195771770828, -0.024942956289218273, -0.014019200021156772, 0.014222118001826205, 0.007846707088966563], "mean_vel": [-15.598941588938313, -10.409255014645234, -6.570127829091311, -5.759983037788802, -5.811988914625427, -4.457594584992885, -3.9306083593801415, -3.8505968048213, -3.6690437375141602, -3.0323630374159], "std_pos": [0.4642963925841348, 0.33523835479694347, 0.21672952714931817, 0.16967122780271515, 0.17865300535634093, 0.13735212215056652, 0.1289359051829762, 0.11655804592015652, 0.10456131398833426, 0.09579681392681698], "std_vel": [4.892978382185056, 3.3345323363113013, 2.8230051060608083, 1.9562463626972026, 2.1667706230384582, 1.8026202418619262, 1.4331194213797307, 1.1469606498670586, 0.9579766718772521, 0.9137245936805538]}