{"mean_pos": [-0.0007957716599354366, -0.08321870066887214, 0.12842542288084377, 0.01589657866078467, -0.0837807079905398, 0.01851232910531616, 0.006232558045198909, 0.032666553001461866, 0.015592321609316413, -0.024698771317540245], "mean_vel": [-23.543532113732443, -17.36017736549315, -15.501335740662567, -7.785081912068567, -14.94974657160989, -6.249467084054785, -6.946031453717984, -6.681322305438382, -8.23149534569334, -10.5710870825673], "std_pos": [0.6222421944553278, 0.5098271803635438, 0.4017877831199684, 0.27111441122194097, 0.4358401064461953, 0.1933164733253351, 0.19978823594321915, 0.1917141110219934, 0.23980805135067063, 0.2885305361620145], "std_vel": [0.5052176015928089, 0.6026504146570479, 0.657954249978916, 2.2266215709853343, 2.5499658689635245, 2.6330804492988213, 1.4556864089532324, 0.677296432392171, 0.7963790928120025, 0.9107303398523418]}