{"mean_pos": [0.06287387148747461, 0.030786802988347167, -0.011421319012439268, 0.009958957343341564, 0.004207265747495298, 0.0044696191111445755, -0.0012648291291339172, -0.02640934705140244, -0.004726267265446162, 0.0032751198382012783], "mean_vel": [-18.46179400423806, -9.224452895975023, -9.51638193683013, -5.705177099480386, -6.809747417954258, -4.081113071562045, -5.733838906082999, -5.162890105166448, -3.3927271042318186, -4.29942777909575], "std_pos": [0.5021540193869447, 0.3070626202345472, 0.26049520986892744, 0.1502969885084193, 0.19275654659126717, 0.12088708010007287, 0.17144225689772727, 0.15048413907444694, 0.10284201494975806, 0.12547526490331376], "std_vel": [2.003177925414954, 2.130151295368681, 1.45181426240198, 0.35607031285041485, 0.2027247021465467, 0.2601182442531469, 0.3891590249857709, 0.18587650620897592, 0.3377410565221771, 0.18591387191949849]}