{"mean_pos": [-0.005542451559368189, 0.026864386283100224, -0.028924983775327158, 0.03483681553453905, -0.03465319518509223, 0.0031520920136011033, -0.01106061093902814, -9.513044980618002e-05, -0.029817626866095553, 0.007926566453809267], "mean_vel": [-15.917179802742112, -13.416282386985136, -10.01559441313619, -7.4783490097743055, -6.306324861328454, -5.327791809920715, -5.066851136985717, -5.054103594025092, -5.336052881046864, -4.796357610587253], "std_pos": [0.44619145224943846, 0.39780585609402214, 0.2752819894809544, 0.2096314665319512, 0.19613357120877611, 0.19193252209695255, 0.15390450630047922, 0.15659337043079183, 0.17077070736269623, 0.132898315228046], "std_vel": [4.961471134548516, 2.450537512304901, 2.4229094112325473, 2.736843801523432, 2.312333099725989, 2.1753686335642803, 1.4902300734586773, 1.691530860246211, 1.6762003726042436, 1.7634520239288884]}