{"mean_pos": [-0.0805668453563214, -0.024297341031777723, 0.02167975378149601, 0.0012069396394466378, -0.012666460444687213, -0.008252378085326244, -0.009466214033988422, 0.0046233736108994205, 0.01731490306557908, -0.03553095584620693], "mean_vel": [-15.583293169867748, -11.098367693444821, -9.253112614370064, -7.754055153619765, -4.9086216595376015, -5.0694980791426785, -4.389585486524639, -4.698113379006853, -5.033102134377876, -5.200631091965563], "std_pos": [0.4793917187953389, 0.302220454032437, 0.24301192755481926, 0.2463516911901262, 0.1429330575685963, 0.155647404399877, 0.1348639975302572, 0.14760518268554404, 0.1353830670770838, 0.171691752552825], "std_vel": [4.40860353024786, 3.4080144603864513, 2.4205695689523665, 2.670126797863455, 1.8575991102734724, 1.8939971637791158, 1.830969176682438, 1.9142313006906948, 2.0016864074030054, 1.7068545106083617]}