{"mean_pos": [-0.010215475688342112, -0.00918273496957586, 0.018282068305875622, 0.024815663204441396, 0.024171845196269845, 0.10328226296852806, 0.041995661705496595, 0.02605948219428854, -0.011236033542008727, 0.01167240622122639], "mean_vel": [-23.746175806181256, -15.463616401953256, -8.663584551872805, -11.906493533730893, -12.045324504174483, -9.312912343595821, -6.990145345947877, -5.2650934963541705, -5.715095242088108, -7.827074758317346], "std_pos": [0.7690171229260478, 0.46016279631261386, 0.24518394561846374, 0.3639207311514794, 0.34085153046713557, 0.2682460904534004, 0.18792427007518486, 0.16012211808936244, 0.15684206262963246, 0.22330235813598018], "std_vel": [0.4373273001354199, 1.540329168091157, 1.00955395668534, 0.8988120143155871, 0.561935718893568, 1.6333381951722732, 0.9156436863402748, 0.6462847835648986, 0.6033588546478627, 0.3771797022390504]}