{"mean_pos": [-0.07949329910825283, -0.09077058883769804, 0.025841164939722664, 0.014789982193755326, 0.015196667521226533, -0.01446969623693544, 0.009688943033412644, 0.014341880457944068, 0.013707455752451695, -0.019307823722456915], "mean_vel": [-22.432525907867955, -18.295988132985585, -14.550887421897885, -8.608383404764442, -9.104191122405274, -7.398454272480161, -9.590137671182132, -16.6266178849246, -10.304947072464845, -6.449074683906497], "std_pos": [0.6323055921609595, 0.5349594273878838, 0.4053041286239487, 0.2579552782883014, 0.23288428468422748, 0.19737780569593122, 0.29199418219840595, 0.4900183535215984, 0.2884430569757523, 0.16460395576338907], "std_vel": [0.8378008617600412, 0.5566097334338826, 0.4158212915072243, 1.3720160909467483, 2.355388151495263, 2.2343758401099727, 0.7537617306140845, 2.2413525408588586, 0.9303617530454483, 0.8763939908734425]}