{"mean_pos": [0.05913069719602685, 0.01149547052054859, 0.008293973996576127, 0.017513483454043726, -0.0035472882132235187, 0.011805379545048943, 0.010682189916516068, 0.01443769593356972, 0.006965169898130929, 0.0017614834664285762], "mean_vel": [-22.692819876630143, -16.122196516761445, -10.518812630473262, -7.928205949193337, -6.5745839280804335, -4.56610844392913, -5.231111135538018, -3.62818922733294, -3.721108494425175, -2.942087178297152], "std_pos": [0.6353784162612831, 0.5039471907041975, 0.3227864768925924, 0.2706993086912892, 0.20680065918328924, 0.13680044572334338, 0.14796059044595905, 0.10006065877515723, 0.11769877264617022, 0.08784301579478869], "std_vel": [0.7759532403897571, 2.06330948584619, 2.333317802103855, 1.115619493997633, 0.3805303203538328, 1.0125925530696334, 0.5390557811270075, 0.36044601115891833, 0.3339009029890675, 0.38659929261734044]}