{"mean_pos": [0.10764156176409984, 0.03706465302682056, -0.012728269736215063, -0.017398746346347468, -0.02013976791624761, -0.048052631573416923, 0.013602096887219079, -0.022250257653125063, -0.009021125771727938, 0.019296065534791247], "mean_vel": [-23.06723503478887, -16.07585175376421, -12.75628915356162, -5.253659051156476, -6.0622267909050915, -11.083958242577967, -7.794628392729432, -6.041416154787847, -5.035531854254519, -6.450122572506676], "std_pos": [0.5905987378203722, 0.42583778149694546, 0.3782002559318718, 0.14124447418310374, 0.15904977820582258, 0.34644845061398305, 0.214425355455518, 0.17414742338304107, 0.14914098795701694, 0.19853428579231444], "std_vel": [0.6985955917726864, 0.9050329080844085, 0.8041343241369109, 1.113098213836083, 1.2807962056704512, 1.0876753213794823, 1.092636229453932, 0.6627987995857675, 0.5046464424719163, 0.2810993254384281]}